code,term,dmd_id,dmd_type,bnf_code
12626211000001108,Formoterol 12microgram inhalation powder capsules with device,12626211000001108,VMP,0301011E0AAAAAA
39112911000001101,Formoterol 6micrograms/dose dry powder inhaler,39112911000001101,VMP,0301011E0AAABAB
39113011000001109,Formoterol 12micrograms/dose dry powder inhaler,39113011000001109,VMP,0301011E0AAACAC
9652711000001107,Formoterol 12micrograms/dose inhaler CFC free,9652711000001107,VMP,0301011E0AAADAD
3206811000001109,Foradil 12microgram inhalation powder capsules with device,3206811000001109,AMP,0301011E0BBAAAA
3243511000001107,Oxis 6 Turbohaler,3243511000001107,AMP,0301011E0BCAAAB
3245011000001103,Oxis 12 Turbohaler,3245011000001103,AMP,0301011E0BCABAC
9628711000001106,Atimos Modulite 12micrograms/dose inhaler,9628711000001106,AMP,0301011E0BDAAAD
11176411000001106,Formoterol Easyhaler 12micrograms/dose dry powder inhaler,11176411000001106,AMP,0301011E0BEAAAC
4558411000001107,Fenoterol 200micrograms/dose inhaler,4558411000001107,VMP,0301011F0AAAAAA
4537611000001107,Berotec 200micrograms/dose inhaler,4537611000001107,AMP,0301011F0BBACAA
35936511000001108,Salbutamol 100micrograms/dose inhaler,35936511000001108,VMP,0301011R0AAAAAA
3408611000001107,Salbutamol 100micrograms/dose inhaler,3408611000001107,AMP,0301011R0AAAAAA
3417111000001102,Salbutamol 100micrograms/dose inhaler,3417111000001102,AMP,0301011R0AAAAAA
10432311000001108,Salbutamol 100micrograms/dose inhaler,10432311000001108,AMP,0301011R0AAAAAA
3412611000001107,Salbutamol 100micrograms/dose inhaler,3412611000001107,AMP,0301011R0AAAAAA
3415711000001107,Salbutamol 100micrograms/dose inhaler,3415711000001107,AMP,0301011R0AAAAAA
3410611000001106,Salbutamol 100micrograms/dose inhaler,3410611000001106,AMP,0301011R0AAAAAA
35936411000001109,Salbutamol 100micrograms/dose breath actuated inhaler,35936411000001109,VMP,0301011R0AAADAD
35937211000001107,Salbutamol 95micrograms/dose dry powder inhaler,35937211000001107,VMP,0301011R0AAAFAF
35936711000001103,Salbutamol 200microgram inhalation powder blisters with device,35936711000001103,VMP,0301011R0AAAIAI
35936911000001101,Salbutamol 400microgram inhalation powder blisters with device,35936911000001101,VMP,0301011R0AAAJAJ
35936611000001107,Salbutamol 200microgram inhalation powder blisters,35936611000001107,VMP,0301011R0AAAKAK
35936811000001106,Salbutamol 400microgram inhalation powder blisters,35936811000001106,VMP,0301011R0AAALAL
39113611000001102,Salbutamol 100micrograms/dose inhaler CFC free,39113611000001102,VMP,0301011R0AAAPAP
7511000001105,Salbutamol 100micrograms/dose inhaler CFC free,7511000001105,AMP,0301011R0AAAPAP
18041311000001106,Salbutamol 100micrograms/dose inhaler CFC free,18041311000001106,AMP,0301011R0AAAPAP
757611000001104,Salbutamol 100micrograms/dose inhaler CFC free,757611000001104,AMP,0301011R0AAAPAP
45111000001100,Salbutamol 100micrograms/dose inhaler CFC free,45111000001100,AMP,0301011R0AAAPAP
39113311000001107,Salbutamol 200micrograms/dose dry powder inhaler,39113311000001107,VMP,0301011R0AAAQAQ
38895911000001101,Salbutamol 500micrograms/1ml solution for injection ampoules,38895911000001101,VMP,0301011R0AAAUAU
39709711000001100,Salbutamol 200microgram inhalation powder capsules,39709711000001100,VMP,0301011R0AAAVAV
39709811000001108,Salbutamol 400microgram inhalation powder capsules,39709811000001108,VMP,0301011R0AAAWAW
39709611000001109,Salbutamol 2.5mg/2.5ml nebuliser liquid unit dose vials,39709611000001109,VMP,0301011R0AAAXAX
3385711000001103,Salbutamol 2.5mg/2.5ml nebuliser liquid unit dose vials,3385711000001103,AMP,0301011R0AAAXAX
11006511000001106,Salbutamol 2.5mg/2.5ml nebuliser liquid unit dose vials,11006511000001106,AMP,0301011R0AAAXAX
17026511000001100,Salbutamol 2.5mg/2.5ml nebuliser liquid unit dose vials,17026511000001100,AMP,0301011R0AAAXAX
10453811000001108,Salbutamol 2.5mg/2.5ml nebuliser liquid unit dose vials,10453811000001108,AMP,0301011R0AAAXAX
18080711000001105,Salbutamol 2.5mg/2.5ml nebuliser liquid unit dose vials,18080711000001105,AMP,0301011R0AAAXAX
42642011000001102,Salbutamol 2.5mg/2.5ml nebuliser liquid unit dose vials,42642011000001102,AMP,0301011R0AAAXAX
12880611000001109,Salbutamol 2.5mg/2.5ml nebuliser liquid unit dose vials,12880611000001109,AMP,0301011R0AAAXAX
30891911000001100,Salbutamol 2.5mg/2.5ml nebuliser liquid unit dose vials,30891911000001100,AMP,0301011R0AAAXAX
17927211000001106,Salbutamol 2.5mg/2.5ml nebuliser liquid unit dose vials,17927211000001106,AMP,0301011R0AAAXAX
9102311000001103,Salbutamol 2.5mg/2.5ml nebuliser liquid unit dose vials,9102311000001103,AMP,0301011R0AAAXAX
3386811000001103,Salbutamol 2.5mg/2.5ml nebuliser liquid unit dose vials,3386811000001103,AMP,0301011R0AAAXAX
42297511000001102,Salbutamol 2mg tablets,42297511000001102,VMP,0301011R0AAAZAZ
659111000001106,Salbutamol 2mg tablets,659111000001106,AMP,0301011R0AAAZAZ
506611000001108,Salbutamol 2mg tablets,506611000001108,AMP,0301011R0AAAZAZ
921311000001107,Salbutamol 2mg tablets,921311000001107,AMP,0301011R0AAAZAZ
287611000001100,Salbutamol 2mg tablets,287611000001100,AMP,0301011R0AAAZAZ
30094911000001103,Salbutamol 2mg tablets,30094911000001103,AMP,0301011R0AAAZAZ
161811000001109,Salbutamol 2mg tablets,161811000001109,AMP,0301011R0AAAZAZ
39241911000001100,Salbutamol 2mg tablets,39241911000001100,AMP,0301011R0AAAZAZ
21895211000001100,Salbutamol 2mg tablets,21895211000001100,AMP,0301011R0AAAZAZ
39703611000001107,Salbutamol 4mg tablets,39703611000001107,VMP,0301011R0AABABA
262711000001105,Salbutamol 4mg tablets,262711000001105,AMP,0301011R0AABABA
194411000001107,Salbutamol 4mg tablets,194411000001107,AMP,0301011R0AABABA
52811000001102,Salbutamol 4mg tablets,52811000001102,AMP,0301011R0AABABA
273911000001107,Salbutamol 4mg tablets,273911000001107,AMP,0301011R0AABABA
30095111000001102,Salbutamol 4mg tablets,30095111000001102,AMP,0301011R0AABABA
258311000001100,Salbutamol 4mg tablets,258311000001100,AMP,0301011R0AABABA
39242111000001108,Salbutamol 4mg tablets,39242111000001108,AMP,0301011R0AABABA
21895411000001101,Salbutamol 4mg tablets,21895411000001101,AMP,0301011R0AABABA
39709511000001105,Salbutamol 5mg/ml nebuliser liquid,39709511000001105,VMP,0301011R0AABBBB
39025311000001106,Salbutamol 5mg/5ml solution for infusion ampoules,39025311000001106,VMP,0301011R0AABCBC
39710011000001108,Salbutamol 5mg/2.5ml nebuliser liquid unit dose vials,39710011000001108,VMP,0301011R0AABDBD
3379611000001104,Salbutamol 5mg/2.5ml nebuliser liquid unit dose vials,3379611000001104,AMP,0301011R0AABDBD
11006711000001101,Salbutamol 5mg/2.5ml nebuliser liquid unit dose vials,11006711000001101,AMP,0301011R0AABDBD
17026711000001105,Salbutamol 5mg/2.5ml nebuliser liquid unit dose vials,17026711000001105,AMP,0301011R0AABDBD
10454011000001100,Salbutamol 5mg/2.5ml nebuliser liquid unit dose vials,10454011000001100,AMP,0301011R0AABDBD
18080911000001107,Salbutamol 5mg/2.5ml nebuliser liquid unit dose vials,18080911000001107,AMP,0301011R0AABDBD
42642211000001107,Salbutamol 5mg/2.5ml nebuliser liquid unit dose vials,42642211000001107,AMP,0301011R0AABDBD
12880811000001108,Salbutamol 5mg/2.5ml nebuliser liquid unit dose vials,12880811000001108,AMP,0301011R0AABDBD
30892111000001108,Salbutamol 5mg/2.5ml nebuliser liquid unit dose vials,30892111000001108,AMP,0301011R0AABDBD
17927411000001105,Salbutamol 5mg/2.5ml nebuliser liquid unit dose vials,17927411000001105,AMP,0301011R0AABDBD
9102511000001109,Salbutamol 5mg/2.5ml nebuliser liquid unit dose vials,9102511000001109,AMP,0301011R0AABDBD
3381111000001101,Salbutamol 5mg/2.5ml nebuliser liquid unit dose vials,3381111000001101,AMP,0301011R0AABDBD
39025011000001108,Salbutamol 4mg modified-release tablets,39025011000001108,VMP,0301011R0AABEBE
35937111000001101,Salbutamol 8mg modified-release tablets,35937111000001101,VMP,0301011R0AABFBF
39109411000001101,Salbutamol 2mg/5ml oral solution sugar free,39109411000001101,VMP,0301011R0AABGBG
161111000001102,Salbutamol 2mg/5ml oral solution sugar free,161111000001102,AMP,0301011R0AABGBG
803911000001107,Salbutamol 2mg/5ml oral solution sugar free,803911000001107,AMP,0301011R0AABGBG
896511000001106,Salbutamol 2mg/5ml oral solution sugar free,896511000001106,AMP,0301011R0AABGBG
13626311000001105,Salbutamol 2mg/5ml oral solution sugar free,13626311000001105,AMP,0301011R0AABGBG
221511000001100,Salbutamol 2mg/5ml oral solution sugar free,221511000001100,AMP,0301011R0AABGBG
39025211000001103,Salbutamol 4mg modified-release capsules,39025211000001103,VMP,0301011R0AABMBM
39025111000001109,Salbutamol 8mg modified-release capsules,39025111000001109,VMP,0301011R0AABPBP
39112711000001103,Salbutamol 100micrograms/dose breath actuated inhaler CFC free,39112711000001103,VMP,0301011R0AABUBU
35937011000001102,Salbutamol 5mg/50ml solution for infusion vials,35937011000001102,VMP,0301011R0AABVBV
4889111000001103,Salbutamol 5mg/50ml solution for infusion vials,4889111000001103,AMP,0301011R0AABVBV
9207411000001106,Salbutamol 100micrograms/dose dry powder inhaler,9207411000001106,VMP,0301011R0AABZBZ
13566211000001103,Salbutamol 100micrograms/dose dry powder inhalation cartridge with device,13566211000001103,VMP,0301011R0AACBCB
13566111000001109,Salbutamol 100micrograms/dose dry powder inhalation cartridge,13566111000001109,VMP,0301011R0AACCCC
840111000001107,Salbulin 100micrograms/dose inhaler,840111000001107,AMP,0301011R0BDAEAP
3382711000001107,Ventolin 200micrograms/dose Accuhaler,3382711000001107,AMP,0301011R0BEAHAQ
222311000001102,Ventolin 100micrograms/dose Evohaler,222311000001102,AMP,0301011R0BEAIAP
892011000001102,Ventolin 2mg/5ml syrup,892011000001102,AMP,0301011R0BEAMBG
3387011000001107,Ventolin 2.5mg Nebules,3387011000001107,AMP,0301011R0BEANAX
3214211000001100,Ventolin 200microgram Rotacaps,3214211000001100,AMP,0301011R0BEAPAV
3218011000001101,Ventolin 400microgram Rotacaps,3218011000001101,AMP,0301011R0BEAQAW
4843911000001107,Ventolin 5mg/ml respirator solution,4843911000001107,AMP,0301011R0BEARBB
3926911000001108,Ventolin 500micrograms/1ml solution for injection ampoules,3926911000001108,AMP,0301011R0BEATAU
886111000001103,Ventolin 5mg/5ml solution for infusion ampoules,886111000001103,AMP,0301011R0BEAUBC
3381811000001108,Ventolin 5mg Nebules,3381811000001108,AMP,0301011R0BEAXBD
3386411000001100,Maxivent 2.5mg/2.5ml nebuliser liquid unit dose Steripoule vials,3386411000001100,AMP,0301011R0BGABAX
3380811000001100,Maxivent 5mg/2.5ml nebuliser liquid unit dose Steripoule vials,3380811000001100,AMP,0301011R0BGACBD
3387511000001104,Salamol 2.5mg/2.5ml nebuliser liquid Steri-Neb unit dose vials,3387511000001104,AMP,0301011R0BIADAX
3383511000001109,Salamol 5mg/2.5ml nebuliser liquid Steri-Neb unit dose vials,3383511000001109,AMP,0301011R0BIAEBD
106511000001103,Salamol 100micrograms/dose inhaler CFC free,106511000001103,AMP,0301011R0BIAFAP
3215311000001107,Salamol 100micrograms/dose Easi-Breathe inhaler,3215311000001107,AMP,0301011R0BIAGBU
20434411000001107,Salamol 100micrograms/dose inhaler CFC free,20434411000001107,AMP,0301011R0BIAHAP
3186011000001104,Asmasal 95micrograms/dose Clickhaler,3186011000001104,AMP,0301011R0BJABAF
3293111000001105,Aerolin 100micrograms/dose Autohaler,3293111000001105,AMP,0301011R0BKADAD
3080411000001101,Ventodisks 200microgram with Diskhaler,3080411000001101,AMP,0301011R0BLAAAI
3086111000001109,Ventodisks 200microgram,3086111000001109,AMP,0301011R0BLABAK
3083011000001100,Ventodisks 400microgram with Diskhaler,3083011000001100,AMP,0301011R0BLACAJ
3089011000001102,Ventodisks 400microgram,3089011000001102,AMP,0301011R0BLADAL
597011000001101,Airomir 100micrograms/dose inhaler,597011000001101,AMP,0301011R0BMAAAP
3214311000001108,Airomir 100micrograms/dose Autohaler,3214311000001108,AMP,0301011R0BMABBU
196411000001104,Volmax 4mg modified-release tablets,196411000001104,AMP,0301011R0BNAABE
831811000001109,Volmax 8mg modified-release tablets,831811000001109,AMP,0301011R0BNABBF
3214611000001103,Salbutamol 200 Cyclocaps,3214611000001103,AMP,0301011R0BPACAV
3217611000001109,Salbutamol 400 Cyclocaps,3217611000001109,AMP,0301011R0BPADAW
626411000001107,Ventmax SR 4mg capsules,626411000001107,AMP,0301011R0BSAABM
281511000001105,Ventmax SR 8mg capsules,281511000001105,AMP,0301011R0BSABBP
3384111000001103,Pulvinal Salbutamol 200micrograms/dose dry powder inhaler,3384111000001103,AMP,0301011R0BTAAAQ
650211000001107,Salapin 2mg/5ml syrup,650211000001107,AMP,0301011R0BUAABG
9040011000001103,Salbutamol 2.5mg/2.5ml nebuliser liquid unit dose Steripoule vials,9040011000001103,AMP,0301011R0BVAAAX
9040211000001108,Salbutamol 5mg/2.5ml nebuliser liquid unit dose Steripoule vials,9040211000001108,AMP,0301011R0BVABBD
9205211000001104,Easyhaler Salbutamol sulfate 100micrograms/dose dry powder inhaler,9205211000001104,AMP,0301011R0BWAABZ
9204911000001109,Easyhaler Salbutamol sulfate 200micrograms/dose dry powder inhaler,9204911000001109,AMP,0301011R0BWABAQ
13533511000001104,Salbulin Novolizer 100micrograms/dose inhalation powder,13533511000001104,AMP,0301011R0BXAACB
13533711000001109,Salbulin Novolizer 100micrograms/dose inhalation powder refill,13533711000001109,AMP,0301011R0BXABCC
18148111000001107,Asmavent 100micrograms/dose inhaler CFC free,18148111000001107,AMP,0301011R0BYAAAP
22503111000001109,AirSalb 100micrograms/dose inhaler CFC free,22503111000001109,AMP,0301011R0BZAAAP
35937811000001108,Salmeterol 50microgram inhalation powder blisters with device,35937811000001108,VMP,0301011U0AAAAAA
35938011000001101,Salmeterol 50microgram inhalation powder blisters,35938011000001101,VMP,0301011U0AAABAB
39110811000001105,Salmeterol 25micrograms/dose inhaler,39110811000001105,VMP,0301011U0AAACAC
39113211000001104,Salmeterol 50micrograms/dose dry powder inhaler,39113211000001104,VMP,0301011U0AAAEAE
10075611000001101,Salmeterol 25micrograms/dose inhaler CFC free,10075611000001101,VMP,0301011U0AAAHAH
3084011000001103,Serevent 50microgram disks with Diskhaler,3084011000001103,AMP,0301011U0BBAAAA
3082411000001100,Serevent 50microgram disks,3082411000001100,AMP,0301011U0BBABAB
408911000001105,Serevent 25micrograms/dose inhaler,408911000001105,AMP,0301011U0BBACAC
3380111000001107,Serevent 50micrograms/dose Accuhaler,3380111000001107,AMP,0301011U0BBAEAE
10073011000001107,Serevent 25micrograms/dose Evohaler,10073011000001107,AMP,0301011U0BBAFAH
19562111000001107,Neovent 25micrograms/dose inhaler CFC free,19562111000001107,AMP,0301011U0BDAAAH
19568411000001100,Neovent 25micrograms/dose inhaler CFC free,19568411000001100,AMP,0301011U0BEAAAH
22650111000001100,Vertine 25micrograms/dose inhaler CFC free,22650111000001100,AMP,0301011U0BFAAAH
33561211000001109,Soltel 25micrograms/dose inhaler CFC free,33561211000001109,AMP,0301011U0BGAAAH
17313711000001107,Indacaterol 150microgram inhalation powder capsules with device,17313711000001107,VMP,0301011X0AAAAAA
17313811000001104,Indacaterol 300microgram inhalation powder capsules with device,17313811000001104,VMP,0301011X0AAABAB
17300811000001109,Onbrez Breezhaler 150microgram inhalation powder capsules with device,17300811000001109,AMP,0301011X0BBAAAA
17299911000001102,Onbrez Breezhaler 300microgram inhalation powder capsules with device,17299911000001102,AMP,0301011X0BBABAB
24670111000001108,Olodaterol 2.5micrograms/dose solution for inhalation cartridge with device CFC free,24670111000001108,VMP,0301011Z0AAAAAA
37692311000001106,Olodaterol 2.5micrograms/dose inhalation solution cartridge CFC free,37692311000001106,VMP,0301011Z0AAABAB
24608011000001103,Striverdi Respimat 2.5micrograms/dose inhalation solution cartridge with device,24608011000001103,AMP,0301011Z0BBAAAA
37678311000001100,Striverdi Respimat 2.5micrograms/dose inhalation solution refill cartridge,37678311000001100,AMP,0301011Z0BBABAB
36049311000001103,Ipratropium bromide 20micrograms/dose inhaler,36049311000001103,VMP,0301020I0AAAAAA
39717511000001101,Ipratropium bromide 500micrograms/2ml nebuliser liquid unit dose vials,39717511000001101,VMP,0301020I0AAACAC
3221011000001103,Ipratropium bromide 500micrograms/2ml nebuliser liquid unit dose vials,3221011000001103,AMP,0301020I0AAACAC
11006311000001100,Ipratropium bromide 500micrograms/2ml nebuliser liquid unit dose vials,11006311000001100,AMP,0301020I0AAACAC
21720011000001109,Ipratropium bromide 500micrograms/2ml nebuliser liquid unit dose vials,21720011000001109,AMP,0301020I0AAACAC
3223511000001105,Ipratropium bromide 500micrograms/2ml nebuliser liquid unit dose vials,3223511000001105,AMP,0301020I0AAACAC
10453611000001109,Ipratropium bromide 500micrograms/2ml nebuliser liquid unit dose vials,10453611000001109,AMP,0301020I0AAACAC
23949311000001100,Ipratropium bromide 500micrograms/2ml nebuliser liquid unit dose vials,23949311000001100,AMP,0301020I0AAACAC
43094411000001109,Ipratropium bromide 500micrograms/2ml nebuliser liquid unit dose vials,43094411000001109,AMP,0301020I0AAACAC
8097811000001100,Ipratropium bromide 500micrograms/2ml nebuliser liquid unit dose vials,8097811000001100,AMP,0301020I0AAACAC
30215011000001107,Ipratropium bromide 500micrograms/2ml nebuliser liquid unit dose vials,30215011000001107,AMP,0301020I0AAACAC
39001511000001107,Ipratropium bromide 500micrograms/2ml nebuliser liquid unit dose vials,39001511000001107,AMP,0301020I0AAACAC
17933311000001107,Ipratropium bromide 500micrograms/2ml nebuliser liquid unit dose vials,17933311000001107,AMP,0301020I0AAACAC
15214311000001101,Ipratropium bromide 500micrograms/2ml nebuliser liquid unit dose vials,15214311000001101,AMP,0301020I0AAACAC
9102111000001100,Ipratropium bromide 500micrograms/2ml nebuliser liquid unit dose vials,9102111000001100,AMP,0301020I0AAACAC
3222711000001108,Ipratropium bromide 500micrograms/2ml nebuliser liquid unit dose vials,3222711000001108,AMP,0301020I0AAACAC
22062511000001106,Ipratropium bromide 500micrograms/2ml nebuliser liquid unit dose vials,22062511000001106,AMP,0301020I0AAACAC
36049411000001105,Ipratropium bromide 40micrograms/dose inhaler,36049411000001105,VMP,0301020I0AAADAD
39717211000001104,Ipratropium bromide 250micrograms/1ml nebuliser liquid unit dose vials,39717211000001104,VMP,0301020I0AAAFAF
3225311000001103,Ipratropium bromide 250micrograms/1ml nebuliser liquid unit dose vials,3225311000001103,AMP,0301020I0AAAFAF
11006111000001102,Ipratropium bromide 250micrograms/1ml nebuliser liquid unit dose vials,11006111000001102,AMP,0301020I0AAAFAF
21719511000001100,Ipratropium bromide 250micrograms/1ml nebuliser liquid unit dose vials,21719511000001100,AMP,0301020I0AAAFAF
3227511000001100,Ipratropium bromide 250micrograms/1ml nebuliser liquid unit dose vials,3227511000001100,AMP,0301020I0AAAFAF
10453411000001106,Ipratropium bromide 250micrograms/1ml nebuliser liquid unit dose vials,10453411000001106,AMP,0301020I0AAAFAF
23949111000001102,Ipratropium bromide 250micrograms/1ml nebuliser liquid unit dose vials,23949111000001102,AMP,0301020I0AAAFAF
43093511000001105,Ipratropium bromide 250micrograms/1ml nebuliser liquid unit dose vials,43093511000001105,AMP,0301020I0AAAFAF
8097311000001109,Ipratropium bromide 250micrograms/1ml nebuliser liquid unit dose vials,8097311000001109,AMP,0301020I0AAAFAF
39001311000001101,Ipratropium bromide 250micrograms/1ml nebuliser liquid unit dose vials,39001311000001101,AMP,0301020I0AAAFAF
17933111000001105,Ipratropium bromide 250micrograms/1ml nebuliser liquid unit dose vials,17933111000001105,AMP,0301020I0AAAFAF
15213511000001109,Ipratropium bromide 250micrograms/1ml nebuliser liquid unit dose vials,15213511000001109,AMP,0301020I0AAAFAF
9101911000001108,Ipratropium bromide 250micrograms/1ml nebuliser liquid unit dose vials,9101911000001108,AMP,0301020I0AAAFAF
3226811000001104,Ipratropium bromide 250micrograms/1ml nebuliser liquid unit dose vials,3226811000001104,AMP,0301020I0AAAFAF
22062311000001100,Ipratropium bromide 250micrograms/1ml nebuliser liquid unit dose vials,22062311000001100,AMP,0301020I0AAAFAF
36049211000001106,Ipratropium bromide 20micrograms/dose breath actuated inhaler,36049211000001106,VMP,0301020I0AAAGAG
39717311000001107,Ipratropium bromide 40microgram inhalation powder capsules with device,39717311000001107,VMP,0301020I0AAAHAH
39717411000001100,Ipratropium bromide 40microgram inhalation powder capsules,39717411000001100,VMP,0301020I0AAAIAI
38894511000001107,Ipratropium bromide 20micrograms/dose inhaler CFC free,38894511000001107,VMP,0301020I0AAANAN
27872911000001109,Ipratropium bromide 20micrograms/dose inhaler CFC free,27872911000001109,AMP,0301020I0AAANAN
24011000001103,Atrovent 20micrograms/dose inhaler,24011000001103,AMP,0301020I0BBAAAA
3222411000001102,Atrovent 500micrograms/2ml nebuliser liquid UDVs,3222411000001102,AMP,0301020I0BBACAC
347611000001103,Atrovent Forte 40micrograms/dose inhaler,347611000001103,AMP,0301020I0BBADAD
3226411000001101,Atrovent 250micrograms/1ml nebuliser liquid UDVs,3226411000001101,AMP,0301020I0BBAFAF
351411000001106,Atrovent 20micrograms/dose Autohaler,351411000001106,AMP,0301020I0BBAGAG
3238911000001106,Atrovent 40microgram Aerocaps with Aerohaler,3238911000001106,AMP,0301020I0BBAHAH
3235911000001100,Atrovent 40microgram Aerocaps,3235911000001100,AMP,0301020I0BBAIAI
7389911000001105,Atrovent 20micrograms/dose inhaler CFC free,7389911000001105,AMP,0301020I0BBAJAN
3227211000001103,Ipratropium 250micrograms/1ml nebuliser liquid Steri-Neb unit dose vials,3227211000001103,AMP,0301020I0BEAAAF
3223111000001101,Ipratropium 500micrograms/2ml nebuliser liquid Steri-Neb unit dose vials,3223111000001101,AMP,0301020I0BEABAC
3225811000001107,Tropiovent 250micrograms/1ml nebuliser liquid unit dose Steripoule vials,3225811000001107,AMP,0301020I0BFAAAF
3221911000001104,Tropiovent 500micrograms/2ml nebuliser liquid unit dose Steripoule vials,3221911000001104,AMP,0301020I0BFABAC
3227011000001108,Respontin 250micrograms/1ml Nebules,3227011000001108,AMP,0301020I0BGAAAF
3222911000001105,Respontin 500micrograms/2ml Nebules,3222911000001105,AMP,0301020I0BGABAC
9039611000001103,Ipratropium 250micrograms/1ml nebuliser liquid unit dose Steripoule vials,9039611000001103,AMP,0301020I0BHAAAF
9039811000001104,Ipratropium 500micrograms/2ml nebuliser liquid unit dose Steripoule vials,9039811000001104,AMP,0301020I0BHABAC
34954811000001109,Inhalvent 20micrograms/dose inhaler,34954811000001109,AMP,0301020I0BIAAAN
37842911000001109,Ipravent 20micrograms/dose inhaler CFC free,37842911000001109,AMP,0301020I0BJAAAN
9479011000001103,Tiotropium bromide 18microgram inhalation powder capsules with device,9479011000001103,VMP,0301020Q0AAAAAA
9478911000001107,Tiotropium bromide 18microgram inhalation powder capsules,9478911000001107,VMP,0301020Q0AAABAB
12197411000001102,Tiotropium bromide 2.5micrograms/dose solution for inhalation cartridge with device CFC free,12197411000001102,VMP,0301020Q0AAACAC
33596311000001107,Tiotropium bromide 10microgram inhalation powder capsules with device,33596311000001107,VMP,0301020Q0AAADAD
37692711000001105,Tiotropium bromide 2.5micrograms/dose inhalation solution cartridge CFC free,37692711000001105,VMP,0301020Q0AAAEAE
3378211000001106,Spiriva 18microgram inhalation powder capsules with HandiHaler,3378211000001106,AMP,0301020Q0BBAAAA
3380011000001106,Spiriva 18microgram inhalation powder capsules,3380011000001106,AMP,0301020Q0BBABAB
12146911000001103,Spiriva Respimat 2.5micrograms/dose inhalation solution cartridge with device,12146911000001103,AMP,0301020Q0BBACAC
37677711000001102,Spiriva Respimat 2.5micrograms/dose inhalation solution refill cartridge,37677711000001102,AMP,0301020Q0BBADAE
33594911000001100,Braltus 10microgram inhalation powder capsules with Zonda inhaler,33594911000001100,AMP,0301020Q0BCAAAD
39666311000001103,Acopair 18microgram inhalation powder capsules with NeumoHaler,39666311000001103,AMP,0301020Q0BDAAAA
39605711000001106,Tiogiva 18microgram inhalation powder capsules with device,39605711000001106,AMP,0301020Q0BEAAAA
39606211000001105,Tiogiva 18microgram inhalation powder capsules,39606211000001105,AMP,0301020Q0BEABAB
38893611000001108,Aclidinium bromide 375micrograms/dose dry powder inhaler,38893611000001108,VMP,0301020R0AAAAAA
20985511000001101,Eklira 322micrograms/dose Genuair,20985511000001101,AMP,0301020R0BBAAAA
21496211000001102,Glycopyrronium bromide 55microgram inhalation powder capsules with device,21496211000001102,VMP,0301020S0AAAAAA
21495411000001107,Seebri Breezhaler 44microgram inhalation powder capsules with device,21495411000001107,AMP,0301020S0BBAAAA
27890611000001109,Umeclidinium bromide 65micrograms/dose dry powder inhaler,27890611000001109,VMP,0301020T0AAAAAA
27567911000001101,Incruse Ellipta 55micrograms/dose dry powder inhaler,27567911000001101,AMP,0301020T0BBAAAA
35900711000001109,Aminophylline 250mg/10ml solution for injection pre-filled syringes,35900711000001109,VMP,0301030B0AAA9A9
35900511000001104,Aminophylline 250mg/10ml solution for injection ampoules,35900511000001104,VMP,0301030B0AAABAB
585311000001107,Aminophylline 250mg/10ml solution for injection ampoules,585311000001107,AMP,0301030B0AAABAB
10681511000001104,Aminophylline 250mg/10ml solution for injection ampoules,10681511000001104,AMP,0301030B0AAABAB
870011000001105,Aminophylline 250mg/10ml solution for injection ampoules,870011000001105,AMP,0301030B0AAABAB
205711000001102,Aminophylline 250mg/10ml solution for injection ampoules,205711000001102,AMP,0301030B0AAABAB
5081211000001104,Aminophylline 250mg/10ml solution for injection ampoules,5081211000001104,AMP,0301030B0AAABAB
14054211000001103,Aminophylline 360mg suppositories,14054211000001103,VMP,0301030B0AAAMAM
14020611000001107,Aminophylline 360mg suppositories,14020611000001107,AMP,0301030B0AAAMAM
42290811000001103,Aminophylline 100mg tablets,42290811000001103,VMP,0301030B0AAANAN
801111000001108,Aminophylline 100mg tablets,801111000001108,AMP,0301030B0AAANAN
35900411000001103,Aminophylline 225mg modified-release tablets,35900411000001103,VMP,0301030B0AAARAR
10062711000001109,Aminophylline 225mg modified-release tablets,10062711000001109,AMP,0301030B0AAARAR
4707111000001106,Aminophylline 250mg/10ml solution for injection Minijet pre-filled syringes,4707111000001106,AMP,0301030B0BCAAA9
3291311000001106,Amnivent-225 SR tablets,3291311000001106,AMP,0301030B0BDAAAR
3292211000001105,Norphyllin SR 225mg tablets,3292211000001105,AMP,0301030B0BFABAR
14608611000001106,Aminophylline hydrate 350mg modified-release tablets,14608611000001106,VMP,0301030C0AAACAC
14608511000001107,Aminophylline hydrate 100mg modified-release tablets,14608511000001107,VMP,0301030C0AAADAD
13663211000001104,Aminophylline hydrate 225mg modified-release tablets,13663211000001104,VMP,0301030C0AAAEAE
3287411000001108,Phyllocontin Continus 225mg tablets,3287411000001108,AMP,0301030C0BCAAAE
550511000001101,Phyllocontin Forte Continus 350mg tablets,550511000001101,AMP,0301030C0BCABAC
515811000001101,Phyllocontin Paediatric Continus 100mg tablets,515811000001101,AMP,0301030C0BCACAD
15775211000001109,Theophylline 300mg suppositories,15775211000001109,VMP,0301030S0AAA3A3
15704211000001100,Theophylline 300mg suppositories,15704211000001100,AMP,0301030S0AAA3A3
35918211000001102,Theophylline 60mg modified-release capsules,35918211000001102,VMP,0301030S0AAABAB
35957711000001104,Theophylline 125mg modified-release capsules,35957711000001104,VMP,0301030S0AAACAC
35917911000001105,Theophylline 250mg modified-release capsules,35917911000001105,VMP,0301030S0AAADAD
42298711000001108,Theophylline 60mg/5ml oral solution,42298711000001108,VMP,0301030S0AAAGAG
14797111000001107,Theophylline 60mg/5ml oral suspension,14797111000001107,VMP,0301030S0AAAGAG
14789811000001107,Theophylline 60mg/5ml oral solution,14789811000001107,AMP,0301030S0AAAGAG
14790111000001106,Theophylline 60mg/5ml oral suspension,14790111000001106,AMP,0301030S0AAAGAG
8725311000001108,Theophylline 10mg/5ml oral solution,8725311000001108,VMP,0301030S0AAAHAH
8725211000001100,Theophylline 10mg/5ml oral suspension,8725211000001100,VMP,0301030S0AAAHAH
8709611000001109,Theophylline 10mg/5ml oral solution,8709611000001109,AMP,0301030S0AAAHAH
8710111000001109,Theophylline 10mg/5ml oral suspension,8710111000001109,AMP,0301030S0AAAHAH
42298611000001104,Theophylline 125mg tablets,42298611000001104,VMP,0301030S0AAAJAJ
35917611000001104,Theophylline 175mg modified-release tablets,35917611000001104,VMP,0301030S0AAALAL
35917711000001108,Theophylline 200mg modified-release tablets,35917711000001108,VMP,0301030S0AAAMAM
35917811000001100,Theophylline 250mg modified-release tablets,35917811000001100,VMP,0301030S0AAANAN
35918011000001107,Theophylline 300mg modified-release tablets,35918011000001107,VMP,0301030S0AAAPAP
35918111000001108,Theophylline 400mg modified-release tablets,35918111000001108,VMP,0301030S0AAARAR
23676311000001105,Theophylline 125mg/5ml oral suspension,23676311000001105,VMP,0301030S0AABBBB
23671111000001104,Theophylline 125mg/5ml oral suspension,23671111000001104,AMP,0301030S0AABBBB
15227511000001109,Theophylline 250mg/5ml oral solution,15227511000001109,VMP,0301030S0AABEBE
15227611000001108,Theophylline 250mg/5ml oral suspension,15227611000001108,VMP,0301030S0AABEBE
15169611000001109,Theophylline 250mg/5ml oral solution,15169611000001109,AMP,0301030S0AABEBE
15169911000001103,Theophylline 250mg/5ml oral suspension,15169911000001103,AMP,0301030S0AABEBE
16075511000001107,Theophylline 120mg/5ml oral solution,16075511000001107,VMP,0301030S0AABFBF
16075611000001106,Theophylline 120mg/5ml oral suspension,16075611000001106,VMP,0301030S0AABFBF
16043311000001103,Theophylline 120mg/5ml oral solution,16043311000001103,AMP,0301030S0AABFBF
16043911000001102,Theophylline 120mg/5ml oral suspension,16043911000001102,AMP,0301030S0AABFBF
16075711000001102,Theophylline 175mg/5ml oral solution,16075711000001102,VMP,0301030S0AABGBG
16075811000001105,Theophylline 175mg/5ml oral suspension,16075811000001105,VMP,0301030S0AABGBG
16045011000001100,Theophylline 175mg/5ml oral solution,16045011000001100,AMP,0301030S0AABGBG
16044511000001107,Theophylline 175mg/5ml oral suspension,16044511000001107,AMP,0301030S0AABGBG
24535311000001108,Theophylline 5mg/5ml oral solution,24535311000001108,VMP,0301030S0AABHBH
24524711000001106,Theophylline 5mg/5ml oral solution,24524711000001106,AMP,0301030S0AABHBH
34378911000001102,Theophylline 75mg/5ml oral suspension,34378911000001102,VMP,0301030S0AABJBJ
34347611000001108,Theophylline 75mg/5ml oral suspension,34347611000001108,AMP,0301030S0AABJBJ
24595311000001101,Theophylline 50mg/5ml oral solution,24595311000001101,VMP,0301030S0AABKBK
24588211000001101,Theophylline 50mg/5ml oral solution,24588211000001101,AMP,0301030S0AABKBK
35101211000001105,Theophylline 50mg/5ml oral suspension,35101211000001105,VMP,0301030S0AABLBL
35050111000001109,Theophylline 50mg/5ml oral suspension,35050111000001109,AMP,0301030S0AABLBL
468311000001108,Nuelin 125mg tablets,468311000001108,AMP,0301030S0BDAAAJ
436811000001108,Nuelin 60mg/5ml liquid,436811000001108,AMP,0301030S0BDABAG
184211000001107,Nuelin SA 175mg tablets,184211000001107,AMP,0301030S0BDAEAL
456911000001102,Nuelin SA 250 tablets,456911000001102,AMP,0301030S0BDAFAN
792111000001103,Slo-Phyllin 60mg capsules,792111000001103,AMP,0301030S0BHAAAB
176011000001103,Slo-Phyllin 125mg capsules,176011000001103,AMP,0301030S0BHABAC
543711000001100,Slo-Phyllin 250mg capsules,543711000001100,AMP,0301030S0BHACAD
296711000001107,Theo-Dur 200mg tablets,296711000001107,AMP,0301030S0BIAAAM
727211000001102,Theo-Dur 300mg tablets,727211000001102,AMP,0301030S0BIABAP
2892211000001108,Uniphyllin 400mg prolonged-release tablets,2892211000001108,AMP,0301030S0BKAAAR
454311000001109,Uniphyllin 200mg prolonged-release tablets,454311000001109,AMP,0301030S0BKABAM
2891811000001100,Uniphyllin 300mg prolonged-release tablets,2891811000001100,AMP,0301030S0BKACAP
39343611000001104,Glycopyrronium 7.2micrograms/dose / Formoterol 5micrograms/dose inhaler CFC free,39343611000001104,VMP,0301040AAAAAAAA
39329111000001107,Bevespi Aerosphere 7.2micrograms/dose / 5micrograms/dose pressurised inhaler,39329111000001107,AMP,0301040AABBAAAA
36066611000001106,Fenoterol 100micrograms/dose / Ipratropium 40micrograms/dose inhaler,36066611000001106,VMP,0301040M0AAAAAA
39711511000001107,Fenoterol 1.25mg/4ml / Ipratropium 500micrograms/4ml nebuliser liquid unit dose vials,39711511000001107,VMP,0301040M0AAABAB
36066711000001102,Fenoterol 100micrograms/dose / Ipratropium bromide 40micrograms/dose breath actuated inhaler,36066711000001102,VMP,0301040M0AAACAC
28422511000001101,Fenoterol 50micrograms/dose / Ipratropium bromide 20micrograms/dose inhaler CFC free,28422511000001101,VMP,0301040M0AAADAD
2923111000001107,Duovent inhaler,2923111000001107,AMP,0301040M0BBAAAA
4192411000001109,Duovent UDVs nebuliser liquid 4ml,4192411000001109,AMP,0301040M0BBABAB
2964011000001104,Duovent Autohaler,2964011000001104,AMP,0301040M0BBACAC
28410811000001107,Berodual N inhaler,28410811000001107,AMP,0301040M0BCABAD
35936311000001102,Salbutamol 100micrograms/dose / Ipratropium 20micrograms/dose inhaler,35936311000001102,VMP,0301040R0AAAAAA
39710511000001100,Salbutamol 2.5mg/2.5ml / Ipratropium bromide 500micrograms/2.5ml nebuliser liquid unit dose vials,39710511000001100,VMP,0301040R0AAABAB
15534911000001100,Salbutamol 2.5mg/2.5ml / Ipratropium bromide 500micrograms/2.5ml nebuliser liquid ampoules,15534911000001100,VMP,0301040R0AAACAC
3348611000001107,Combivent inhaler,3348611000001107,AMP,0301040R0BBAAAA
3406011000001104,Combivent nebuliser liquid 2.5ml UDVs,3406011000001104,AMP,0301040R0BBABAB
10927511000001104,Ipramol nebuliser solution 2.5ml Steri-Neb unit dose vials,10927511000001104,AMP,0301040R0BCAAAB
15522411000001103,Salipraneb 0.5mg/2.5mg nebuliser solution 2.5ml ampoules,15522411000001103,AMP,0301040R0BDAAAC
32898611000001109,Salipraneb 0.5mg/2.5mg nebuliser solution 2.5ml ampoules,32898611000001109,AMP,0301040R0BEAAAC
38617811000001107,Combiprasal 0.5mg/2.5mg nebuliser solution 2.5ml unit dose vials,38617811000001107,AMP,0301040R0BFAAAB
28365011000001100,Aclidinium bromide 396micrograms/dose / Formoterol 11.8micrograms/dose dry powder inhaler,28365011000001100,VMP,0301040V0AAAAAA
28357211000001106,Duaklir 340micrograms/dose / 12micrograms/dose Genuair,28357211000001106,AMP,0301040V0BBAAAA
24645511000001105,Umeclidinium bromide 65micrograms/dose / Vilanterol 22micrograms/dose dry powder inhaler,24645511000001105,VMP,0301040W0AAAAAA
32364511000001104,Umeclidinium bromide 65micrograms/dose / Vilanterol 22micrograms/dose dry powder inhaler,32364511000001104,AMP,0301040W0AAAAAA
32629811000001101,Umeclidinium bromide 65micrograms/dose / Vilanterol 22micrograms/dose dry powder inhaler,32629811000001101,AMP,0301040W0AAAAAA
24644611000001108,Anoro Ellipta 55micrograms/dose / 22micrograms/dose dry powder inhaler,24644611000001108,AMP,0301040W0BBAAAA
29987211000001108,Tiotropium bromide 2.5micrograms/dose / Olodaterol 2.5micrograms/dose solution for inhalation cartridge with device CFC free,29987211000001108,VMP,0301040X0AAAAAA
37692511000001100,Tiotropium bromide 2.5micrograms/dose / Olodaterol 2.5micrograms/dose inhalation solution cartridge CFC free,37692511000001100,VMP,0301040X0AAABAB
29971311000001100,Spiolto Respimat 2.5micrograms/dose / 2.5micrograms/dose inhalation solution cartridge with device,29971311000001100,AMP,0301040X0BBAAAA
37678011000001103,Spiolto Respimat 2.5micrograms/dose / 2.5micrograms/dose inhalation solution refill cartridge,37678011000001103,AMP,0301040X0BBABAB
37540311000001105,Yanimo Respimat 2.5micrograms/dose / 2.5micrograms/dose inhalation solution cartridge with device,37540311000001105,AMP,0301040X0BCAAAA
28049611000001104,Indacaterol 85micrograms/dose / Glycopyrronium bromide 54micrograms/dose inhalation powder capsules with device,28049611000001104,VMP,0301040Y0AAAAAA
28007211000001102,Ultibro Breezhaler 85microgram/43microgram inhalation powder capsules with device,28007211000001102,AMP,0301040Y0BBAAAA
35909511000001107,Beclometasone 50micrograms/dose inhaler,35909511000001107,VMP,0302000C0AAAAAA
3175711000001102,Beclometasone 50micrograms/dose inhaler,3175711000001102,AMP,0302000C0AAAAAA
3177111000001107,Beclometasone 50micrograms/dose inhaler,3177111000001107,AMP,0302000C0AAAAAA
11400011000001108,Beclometasone 50micrograms/dose inhaler,11400011000001108,AMP,0302000C0AAAAAA
3176711000001105,Beclometasone 50micrograms/dose inhaler,3176711000001105,AMP,0302000C0AAAAAA
17793411000001101,Beclometasone 50micrograms/dose inhaler,17793411000001101,AMP,0302000C0AAAAAA
4773611000001100,Beclometasone 50micrograms/dose inhaler,4773611000001100,AMP,0302000C0AAAAAA
3175911000001100,Beclometasone 50micrograms/dose inhaler,3175911000001100,AMP,0302000C0AAAAAA
42292311000001106,Beclometasone 100micrograms/dose inhaler,42292311000001106,VMP,0302000C0AAABAB
3178211000001102,Beclometasone 100micrograms/dose inhaler,3178211000001102,AMP,0302000C0AAABAB
3179011000001102,Beclometasone 100micrograms/dose inhaler,3179011000001102,AMP,0302000C0AAABAB
11400511000001100,Beclometasone 100micrograms/dose inhaler,11400511000001100,AMP,0302000C0AAABAB
7379111000001102,Beclometasone 100micrograms/dose inhaler,7379111000001102,AMP,0302000C0AAABAB
17794111000001108,Beclometasone 100micrograms/dose inhaler,17794111000001108,AMP,0302000C0AAABAB
4773811000001101,Beclometasone 100micrograms/dose inhaler,4773811000001101,AMP,0302000C0AAABAB
3178411000001103,Beclometasone 100micrograms/dose inhaler,3178411000001103,AMP,0302000C0AAABAB
35908811000001103,Beclometasone 250micrograms/dose inhaler,35908811000001103,VMP,0302000C0AAACAC
3179811000001108,Beclometasone 250micrograms/dose inhaler,3179811000001108,AMP,0302000C0AAACAC
3180911000001103,Beclometasone 250micrograms/dose inhaler,3180911000001103,AMP,0302000C0AAACAC
11400811000001102,Beclometasone 250micrograms/dose inhaler,11400811000001102,AMP,0302000C0AAACAC
7379311000001100,Beclometasone 250micrograms/dose inhaler,7379311000001100,AMP,0302000C0AAACAC
17833911000001100,Beclometasone 250micrograms/dose inhaler,17833911000001100,AMP,0302000C0AAACAC
4774011000001109,Beclometasone 250micrograms/dose inhaler,4774011000001109,AMP,0302000C0AAACAC
3180011000001102,Beclometasone 250micrograms/dose inhaler,3180011000001102,AMP,0302000C0AAACAC
39695511000001104,Beclometasone 100microgram inhalation powder capsules,39695511000001104,VMP,0302000C0AAAEAE
39695611000001100,Beclometasone 200microgram inhalation powder capsules,39695611000001100,VMP,0302000C0AAAFAF
35907711000001105,Beclometasone 100microgram inhalation powder blisters with device,35907711000001105,VMP,0302000C0AAAGAG
35908311000001107,Beclometasone 200microgram inhalation powder blisters with device,35908311000001107,VMP,0302000C0AAAHAH
39695711000001109,Beclometasone 400microgram inhalation powder capsules,39695711000001109,VMP,0302000C0AAAIAI
35909011000001104,Beclometasone 400microgram inhalation powder blisters with device,35909011000001104,VMP,0302000C0AAAJAJ
35908211000001104,Beclometasone 200microgram inhalation powder blisters,35908211000001104,VMP,0302000C0AAAKAK
35907611000001101,Beclometasone 100microgram inhalation powder blisters,35907611000001101,VMP,0302000C0AAALAL
35936211000001105,Salbutamol 100micrograms/dose / Beclometasone 50micrograms/dose inhaler,35936211000001105,VMP,0302000C0AAANAN
39696311000001100,Salbutamol 400microgram / Beclometasone 200microgram inhalation powder capsules,39696311000001100,VMP,0302000C0AAAPAP
35908911000001108,Beclometasone 400microgram inhalation powder blisters,35908911000001108,VMP,0302000C0AAAQAQ
35908511000001101,Beclometasone 200micrograms/dose inhaler,35908511000001101,VMP,0302000C0AAARAR
4332611000001107,Beclometasone 200micrograms/dose inhaler,4332611000001107,AMP,0302000C0AAARAR
15052211000001104,Beclometasone 200micrograms/dose inhaler,15052211000001104,AMP,0302000C0AAARAR
35909211000001109,Beclometasone 50micrograms/dose breath actuated inhaler,35909211000001109,VMP,0302000C0AAASAS
35907811000001102,Beclometasone 100micrograms/dose breath actuated inhaler,35907811000001102,VMP,0302000C0AAATAT
35908611000001102,Beclometasone 250micrograms/dose breath actuated inhaler,35908611000001102,VMP,0302000C0AAAUAU
35909611000001106,Beclometasone 50micrograms/dose inhaler CFC free,35909611000001106,VMP,0302000C0AABEBE
35908111000001105,Beclometasone 100micrograms/dose inhaler CFC free,35908111000001105,VMP,0302000C0AABFBF
35909311000001101,Beclometasone 50micrograms/dose breath actuated inhaler CFC free,35909311000001101,VMP,0302000C0AABGBG
35907911000001107,Beclometasone 100micrograms/dose breath actuated inhaler CFC free,35907911000001107,VMP,0302000C0AABHBH
35909411000001108,Beclometasone 50micrograms/dose dry powder inhaler,35909411000001108,VMP,0302000C0AABIBI
35908011000001109,Beclometasone 100micrograms/dose dry powder inhaler,35908011000001109,VMP,0302000C0AABJBJ
35908711000001106,Beclometasone 250micrograms/dose dry powder inhaler,35908711000001106,VMP,0302000C0AABKBK
35369511000001103,Salbutamol 200microgram / Beclometasone 100microgram inhalation powder capsules,35369511000001103,VMP,0302000C0AABLBL
35909111000001103,Beclometasone 400micrograms/dose dry powder inhaler,35909111000001103,VMP,0302000C0AABSBS
35908411000001100,Beclometasone 200micrograms/dose dry powder inhaler,35908411000001100,VMP,0302000C0AABUBU
10621011000001101,Beclometasone 200micrograms/dose inhaler CFC free,10621011000001101,VMP,0302000C0AABVBV
10621111000001100,Beclometasone 250micrograms/dose inhaler CFC free,10621111000001100,VMP,0302000C0AABWBW
12911011000001100,Beclometasone 100micrograms/dose / Formoterol 6micrograms/dose inhaler CFC free,12911011000001100,VMP,0302000C0AABXBX
26148711000001101,Beclometasone 100micrograms/dose / Formoterol 6micrograms/dose dry powder inhaler,26148711000001101,VMP,0302000C0AABYBY
31087411000001106,Beclometasone 200micrograms/dose / Formoterol 6micrograms/dose inhaler CFC free,31087411000001106,VMP,0302000C0AABZBZ
31087511000001105,Beclometasone 200micrograms/dose / Formoterol 6micrograms/dose dry powder inhaler,31087511000001105,VMP,0302000C0AACACA
3180211000001107,Becloforte 250micrograms/dose inhaler,3180211000001107,AMP,0302000C0BBAAAC
3103211000001103,Becloforte 400microgram disks with Diskhaler,3103211000001103,AMP,0302000C0BBACAJ
3105311000001107,Becloforte 400microgram disks,3105311000001107,AMP,0302000C0BBADAQ
3190311000001103,Becotide 100microgram Rotacaps,3190311000001103,AMP,0302000C0BCACAE
3192111000001101,Becotide 200microgram Rotacaps,3192111000001101,AMP,0302000C0BCADAF
3194011000001108,Becotide 400microgram Rotacaps,3194011000001108,AMP,0302000C0BCAGAI
3178611000001100,Becotide 100 inhaler,3178611000001100,AMP,0302000C0BCAHAB
3176211000001103,Becotide 50 inhaler,3176211000001103,AMP,0302000C0BCAIAA
3179311000001104,Becotide 200 inhaler,3179311000001104,AMP,0302000C0BCAQAR
3292811000001106,Ventide inhaler,3292811000001106,AMP,0302000C0BDAAAN
3202211000001107,Ventide Rotacaps,3202211000001107,AMP,0302000C0BDABAP
3200511000001109,Ventide Paediatric Rotacaps,3200511000001109,AMP,0302000C0BDACBL
3604911000001105,AeroBec 50 Autohaler,3604911000001105,AMP,0302000C0BEAAAS
3182411000001107,AeroBec Forte 250 Autohaler,3182411000001107,AMP,0302000C0BEABAU
3181411000001102,AeroBec 100 Autohaler,3181411000001102,AMP,0302000C0BEACAT
3176411000001104,Beclazone 50 inhaler,3176411000001104,AMP,0302000C0BFAAAA
3178811000001101,Beclazone 100 inhaler,3178811000001101,AMP,0302000C0BFABAB
3180611000001109,Beclazone 250 inhaler,3180611000001109,AMP,0302000C0BFACAC
3604611000001104,Beclazone 50 Easi-Breathe inhaler,3604611000001104,AMP,0302000C0BFADAS
3181711000001108,Beclazone 100 Easi-Breathe inhaler,3181711000001108,AMP,0302000C0BFAEAT
3182611000001105,Beclazone 250 Easi-Breathe inhaler,3182611000001105,AMP,0302000C0BFAFAU
3179511000001105,Beclazone 200 inhaler,3179511000001105,AMP,0302000C0BFAGAR
3175211000001109,Filair 50 inhaler,3175211000001109,AMP,0302000C0BGAAAA
3177911000001105,Filair 100 inhaler,3177911000001105,AMP,0302000C0BGABAB
4753511000001101,Filair Forte 250micrograms/dose inhaler,4753511000001101,AMP,0302000C0BGACAC
3088611000001100,Becodisks 100microgram with Diskhaler,3088611000001100,AMP,0302000C0BHAAAG
3086011000001108,Becodisks 100microgram,3086011000001108,AMP,0302000C0BHABAL
3096011000001109,Becodisks 200microgram with Diskhaler,3096011000001109,AMP,0302000C0BHACAH
3099811000001109,Becodisks 200microgram,3099811000001109,AMP,0302000C0BHADAK
3102211000001109,Becodisks 400microgram with Diskhaler,3102211000001109,AMP,0302000C0BHAEAJ
3104911000001109,Becodisks 400microgram,3104911000001109,AMP,0302000C0BHAFAQ
3111911000001108,Asmabec 50 Clickhaler,3111911000001108,AMP,0302000C0BIADBI
3112511000001109,Asmabec 100 Clickhaler,3112511000001109,AMP,0302000C0BIAEBJ
3174111000001102,Asmabec 250 Clickhaler,3174111000001102,AMP,0302000C0BIAFBK
3176811000001102,Qvar 50 inhaler,3176811000001102,AMP,0302000C0BJAABE
3175611000001106,Qvar 100 inhaler,3175611000001106,AMP,0302000C0BJABBF
3177411000001102,Qvar 50 Autohaler,3177411000001102,AMP,0302000C0BJACBG
3177711000001108,Qvar 100 Autohaler,3177711000001108,AMP,0302000C0BJADBH
8159511000001107,Qvar 50micrograms/dose Easi-Breathe inhaler,8159511000001107,AMP,0302000C0BJAEBG
8159711000001102,Qvar 100micrograms/dose Easi-Breathe inhaler,8159711000001102,AMP,0302000C0BJAFBH
3113411000001101,Pulvinal Beclometasone Dipropionate 200micrograms/dose dry powder inhaler,3113411000001101,AMP,0302000C0BLAABU
3112911000001102,Pulvinal Beclometasone Dipropionate 100micrograms/dose dry powder inhaler,3112911000001102,AMP,0302000C0BLABBJ
3175111000001103,Pulvinal Beclometasone Dipropionate 400micrograms/dose dry powder inhaler,3175111000001103,AMP,0302000C0BLACBS
3189711000001107,Beclometasone 100 Cyclocaps,3189711000001107,AMP,0302000C0BMAAAE
3192611000001109,Beclometasone 200 Cyclocaps,3192611000001109,AMP,0302000C0BMABAF
3194511000001100,Beclometasone 400 Cyclocaps,3194511000001100,AMP,0302000C0BMACAI
9525111000001105,Easyhaler Beclometasone 200micrograms/dose dry powder inhaler,9525111000001105,AMP,0302000C0BNAABU
10617711000001103,Clenil Modulite 50micrograms/dose inhaler,10617711000001103,AMP,0302000C0BPAABE
10618211000001109,Clenil Modulite 100micrograms/dose inhaler,10618211000001109,AMP,0302000C0BPABBF
10619311000001107,Clenil Modulite 200micrograms/dose inhaler,10619311000001107,AMP,0302000C0BPACBV
10619611000001102,Clenil Modulite 250micrograms/dose inhaler,10619611000001102,AMP,0302000C0BPADBW
12906411000001100,Fostair 100micrograms/dose / 6micrograms/dose inhaler,12906411000001100,AMP,0302000C0BQAABX
31063411000001101,Fostair 200micrograms/dose / 6micrograms/dose inhaler,31063411000001101,AMP,0302000C0BQABBZ
26112111000001106,Fostair NEXThaler 100micrograms/dose / 6micrograms/dose dry powder inhaler,26112111000001106,AMP,0302000C0BRAABY
31063111000001106,Fostair NEXThaler 200micrograms/dose / 6micrograms/dose dry powder inhaler,31063111000001106,AMP,0302000C0BRABCA
35430111000001100,Kelhale 50micrograms/dose inhaler,35430111000001100,AMP,0302000C0BSAABE
35430311000001103,Kelhale 100micrograms/dose inhaler,35430311000001103,AMP,0302000C0BSABBF
36603211000001106,Soprobec 50micrograms/dose inhaler,36603211000001106,AMP,0302000C0BTAABE
36603411000001105,Soprobec 200micrograms/dose inhaler,36603411000001105,AMP,0302000C0BTABBV
36603611000001108,Soprobec 100micrograms/dose inhaler,36603611000001108,AMP,0302000C0BTACBF
36603811000001107,Soprobec 250micrograms/dose inhaler,36603811000001107,AMP,0302000C0BTADBW
39817511000001103,Luforbec 100micrograms/dose / 6micrograms/dose inhaler,39817511000001103,AMP,0302000C0BUAABX
40852311000001103,Luforbec 200micrograms/dose / 6micrograms/dose inhaler,40852311000001103,AMP,0302000C0BUABBZ
41475411000001100,Beclu 100micrograms/dose inhaler,41475411000001100,AMP,0302000C0BVAABF
41476211000001105,Beclu 200micrograms/dose inhaler,41476211000001105,AMP,0302000C0BVABBV
41963811000001107,Bibecfo 100micrograms/dose / 6micrograms/dose inhaler,41963811000001107,AMP,0302000C0BWAABX
41966111000001105,Bibecfo 200micrograms/dose / 6micrograms/dose inhaler,41966111000001105,AMP,0302000C0BWABBZ
42606411000001103,Vivaire 100micrograms/dose / 6micrograms/dose inhaler,42606411000001103,AMP,0302000C0BXAABX
35912811000001103,Budesonide 50micrograms/dose inhaler,35912811000001103,VMP,0302000K0AAAAAA
35912511000001101,Budesonide 200micrograms/dose inhaler,35912511000001101,VMP,0302000K0AAADAD
35912411000001100,Budesonide 200micrograms/dose dry powder inhaler,35912411000001100,VMP,0302000K0AAAGAG
35912711000001106,Budesonide 400micrograms/dose dry powder inhaler,35912711000001106,VMP,0302000K0AAAHAH
3654611000001109,Budesonide 1mg/2ml nebuliser liquid unit dose vials,3654611000001109,VMP,0302000K0AAAIAI
10273211000001108,Budesonide 1mg/2ml nebuliser liquid unit dose vials,10273211000001108,AMP,0302000K0AAAIAI
11005711000001109,Budesonide 1mg/2ml nebuliser liquid unit dose vials,11005711000001109,AMP,0302000K0AAAIAI
10347911000001102,Budesonide 1mg/2ml nebuliser liquid unit dose vials,10347911000001102,AMP,0302000K0AAAIAI
18507211000001101,Budesonide 1mg/2ml nebuliser liquid unit dose vials,18507211000001101,AMP,0302000K0AAAIAI
10453211000001107,Budesonide 1mg/2ml nebuliser liquid unit dose vials,10453211000001107,AMP,0302000K0AAAIAI
22622611000001108,Budesonide 1mg/2ml nebuliser liquid unit dose vials,22622611000001108,AMP,0302000K0AAAIAI
10326711000001104,Budesonide 1mg/2ml nebuliser liquid unit dose vials,10326711000001104,AMP,0302000K0AAAIAI
30004511000001108,Budesonide 1mg/2ml nebuliser liquid unit dose vials,30004511000001108,AMP,0302000K0AAAIAI
38807411000001101,Budesonide 1mg/2ml nebuliser liquid unit dose vials,38807411000001101,AMP,0302000K0AAAIAI
17810011000001102,Budesonide 1mg/2ml nebuliser liquid unit dose vials,17810011000001102,AMP,0302000K0AAAIAI
15060511000001109,Budesonide 1mg/2ml nebuliser liquid unit dose vials,15060511000001109,AMP,0302000K0AAAIAI
10274211000001106,Budesonide 1mg/2ml nebuliser liquid unit dose vials,10274211000001106,AMP,0302000K0AAAIAI
21804611000001101,Budesonide 1mg/2ml nebuliser liquid unit dose vials,21804611000001101,AMP,0302000K0AAAIAI
3654511000001105,Budesonide 500micrograms/2ml nebuliser liquid unit dose vials,3654511000001105,VMP,0302000K0AAAJAJ
10272811000001101,Budesonide 500micrograms/2ml nebuliser liquid unit dose vials,10272811000001101,AMP,0302000K0AAAJAJ
11005511000001104,Budesonide 500micrograms/2ml nebuliser liquid unit dose vials,11005511000001104,AMP,0302000K0AAAJAJ
10347711000001104,Budesonide 500micrograms/2ml nebuliser liquid unit dose vials,10347711000001104,AMP,0302000K0AAAJAJ
18507011000001106,Budesonide 500micrograms/2ml nebuliser liquid unit dose vials,18507011000001106,AMP,0302000K0AAAJAJ
10453011000001102,Budesonide 500micrograms/2ml nebuliser liquid unit dose vials,10453011000001102,AMP,0302000K0AAAJAJ
22622411000001105,Budesonide 500micrograms/2ml nebuliser liquid unit dose vials,22622411000001105,AMP,0302000K0AAAJAJ
10326511000001109,Budesonide 500micrograms/2ml nebuliser liquid unit dose vials,10326511000001109,AMP,0302000K0AAAJAJ
30004311000001102,Budesonide 500micrograms/2ml nebuliser liquid unit dose vials,30004311000001102,AMP,0302000K0AAAJAJ
38807211000001100,Budesonide 500micrograms/2ml nebuliser liquid unit dose vials,38807211000001100,AMP,0302000K0AAAJAJ
17809311000001106,Budesonide 500micrograms/2ml nebuliser liquid unit dose vials,17809311000001106,AMP,0302000K0AAAJAJ
29775411000001101,Budesonide 500micrograms/2ml nebuliser liquid unit dose vials,29775411000001101,AMP,0302000K0AAAJAJ
10273611000001105,Budesonide 500micrograms/2ml nebuliser liquid unit dose vials,10273611000001105,AMP,0302000K0AAAJAJ
21804411000001104,Budesonide 500micrograms/2ml nebuliser liquid unit dose vials,21804411000001104,AMP,0302000K0AAAJAJ
35912111000001105,Budesonide 100micrograms/dose dry powder inhaler,35912111000001105,VMP,0302000K0AAAKAK
35912011000001109,Budesonide 100micrograms/dose / Formoterol 6micrograms/dose dry powder inhaler,35912011000001109,VMP,0302000K0AAALAL
38896811000001103,Budesonide 200micrograms/dose / Formoterol 6micrograms/dose dry powder inhaler,38896811000001103,VMP,0302000K0AAAMAM
3432911000001109,Budesonide 200microgram inhalation powder capsules,3432911000001109,VMP,0302000K0AAARAR
3433011000001101,Budesonide 400microgram inhalation powder capsules,3433011000001101,VMP,0302000K0AAASAS
4864911000001104,Budesonide 200micrograms/dose inhaler with spacer,4864911000001104,VMP,0302000K0AAATAT
4378111000001103,Budesonide 400micrograms/dose / Formoterol 12micrograms/dose dry powder inhaler,4378111000001103,VMP,0302000K0AAAUAU
8024611000001102,Budesonide 200micrograms/dose dry powder inhalation cartridge with device,8024611000001102,VMP,0302000K0AAAVAV
9117811000001107,Budesonide 200micrograms/dose dry powder inhalation cartridge,9117811000001107,VMP,0302000K0AAAWAW
14959511000001107,Budesonide 100micrograms/dose inhaler CFC free,14959511000001107,VMP,0302000K0AAAZAZ
15374611000001106,Budesonide 200micrograms/dose inhaler CFC free,15374611000001106,VMP,0302000K0AABABA
32960711000001105,Budesonide 200micrograms/dose / Formoterol 6micrograms/dose inhaler CFC free,32960711000001105,VMP,0302000K0AABBBB
39133611000001108,Budesonide 100micrograms/dose / Formoterol 3micrograms/dose inhaler CFC free,39133611000001108,VMP,0302000K0AABCBC
2924111000001109,Pulmicort 200micrograms/dose inhaler,2924111000001109,AMP,0302000K0BBADAD
3240911000001108,Pulmicort LS 50micrograms/dose inhaler,3240911000001108,AMP,0302000K0BBAEAA
3636511000001103,Pulmicort 1mg Respules,3636511000001103,AMP,0302000K0BBAGAI
3112411000001105,Pulmicort 200 Turbohaler,3112411000001105,AMP,0302000K0BBAHAG
3228711000001106,Pulmicort 400 Turbohaler,3228711000001106,AMP,0302000K0BBAIAH
3635411000001106,Pulmicort 0.5mg Respules,3635411000001106,AMP,0302000K0BBAJAJ
3113111000001106,Pulmicort 100 Turbohaler,3113111000001106,AMP,0302000K0BBAKAK
4860811000001104,Pulmicort 200micrograms/dose inhaler with Nebuchamber,4860811000001104,AMP,0302000K0BBALAT
14951111000001102,Pulmicort 100micrograms/dose inhaler CFC free,14951111000001102,AMP,0302000K0BBAMAZ
15358411000001102,Pulmicort 200micrograms/dose inhaler CFC free,15358411000001102,AMP,0302000K0BBANBA
3294211000001101,Symbicort 100/6 Turbohaler,3294211000001101,AMP,0302000K0BDAAAL
3294611000001104,Symbicort 200/6 Turbohaler,3294611000001104,AMP,0302000K0BDABAM
4373811000001100,Symbicort 400/12 Turbohaler,4373811000001100,AMP,0302000K0BDACAU
32926011000001100,Symbicort 200micrograms/dose / 6micrograms/dose pressurised inhaler,32926011000001100,AMP,0302000K0BDADBB
39105811000001102,Symbicort 100micrograms/dose / 3micrograms/dose pressurised inhaler,39105811000001102,AMP,0302000K0BDAEBC
3197211000001105,Budesonide 200 Cyclocaps,3197211000001105,AMP,0302000K0BEAAAR
3198411000001108,Budesonide 400 Cyclocaps,3198411000001108,AMP,0302000K0BEABAS
8031811000001102,Budelin Novolizer 200micrograms/dose inhalation powder,8031811000001102,AMP,0302000K0BFAAAV
9111811000001100,Budelin Novolizer 200micrograms/dose inhalation powder refill,9111811000001100,AMP,0302000K0BFABAW
10073911000001106,Easyhaler Budesonide 100micrograms/dose dry powder inhaler,10073911000001106,AMP,0302000K0BGAAAK
10074611000001102,Easyhaler Budesonide 200micrograms/dose dry powder inhaler,10074611000001102,AMP,0302000K0BGABAG
10074411000001100,Easyhaler Budesonide 400micrograms/dose dry powder inhaler,10074411000001100,AMP,0302000K0BGACAH
25254111000001105,DuoResp Spiromax 160micrograms/dose / 4.5micrograms/dose dry powder inhaler,25254111000001105,AMP,0302000K0BHAAAM
25254711000001106,DuoResp Spiromax 320micrograms/dose / 9micrograms/dose dry powder inhaler,25254711000001106,AMP,0302000K0BHABAU
34812111000001106,Fobumix Easyhaler 320micrograms/dose / 9micrograms/dose dry powder inhaler,34812111000001106,AMP,0302000K0BIAAAU
34950311000001108,Fobumix Easyhaler 160micrograms/dose / 4.5micrograms/dose dry powder inhaler,34950311000001108,AMP,0302000K0BIABAM
34950611000001103,Fobumix Easyhaler 80micrograms/dose / 4.5micrograms/dose dry powder inhaler,34950611000001103,AMP,0302000K0BIADAL
40106011000001102,WockAIR 160micrograms/dose / 4.5micrograms/dose dry powder inhaler,40106011000001102,AMP,0302000K0BJAAAM
40106211000001107,WockAIR 320micrograms/dose / 9micrograms/dose dry powder inhaler,40106211000001107,AMP,0302000K0BJABAU
42007211000001108,GoResp Digihaler 160micrograms/dose / 4.5micrograms/dose dry powder inhaler,42007211000001108,AMP,0302000K0BKAAAM
42007511000001106,GoResp Digihaler 320micrograms/dose / 9micrograms/dose dry powder inhaler,42007511000001106,AMP,0302000K0BKABAU
36059911000001104,Fluticasone propionate 50microgram inhalation powder blisters with device,36059911000001104,VMP,0302000N0AAAAAA
36059811000001109,Fluticasone propionate 50microgram inhalation powder blisters,36059811000001109,VMP,0302000N0AAABAB
36059311000001100,Fluticasone propionate 100microgram inhalation powder blisters with device,36059311000001100,VMP,0302000N0AAACAC
36059211000001108,Fluticasone propionate 100microgram inhalation powder blisters,36059211000001108,VMP,0302000N0AAADAD
36059411000001107,Fluticasone propionate 250microgram inhalation powder blisters with device,36059411000001107,VMP,0302000N0AAAEAE
36059511000001106,Fluticasone propionate 250microgram inhalation powder blisters,36059511000001106,VMP,0302000N0AAAFAF
36059111000001102,Fluticasone 25micrograms/dose inhaler,36059111000001102,VMP,0302000N0AAAGAG
36059711000001101,Fluticasone propionate 500microgram inhalation powder blisters with device,36059711000001101,VMP,0302000N0AAAPAP
36059611000001105,Fluticasone propionate 500microgram inhalation powder blisters,36059611000001105,VMP,0302000N0AAAQAQ
38897911000001106,Fluticasone propionate 50micrograms/dose dry powder inhaler,38897911000001106,VMP,0302000N0AAARAR
38897811000001101,Fluticasone propionate 100micrograms/dose dry powder inhaler,38897811000001101,VMP,0302000N0AAASAS
39691211000001100,Fluticasone propionate 100micrograms/dose dry powder inhaler,39691211000001100,AMP,0302000N0AAASAS
36565411000001101,Fluticasone propionate 250micrograms/dose dry powder inhaler,36565411000001101,VMP,0302000N0AAATAT
38897711000001109,Fluticasone propionate 500micrograms/dose dry powder inhaler,38897711000001109,VMP,0302000N0AAAUAU
39712311000001105,Fluticasone 500micrograms/2ml nebuliser liquid unit dose vials,39712311000001105,VMP,0302000N0AAAVAV
38960111000001101,Fluticasone 500micrograms/2ml nebuliser liquid unit dose vials,38960111000001101,AMP,0302000N0AAAVAV
39712511000001104,Fluticasone 2mg/2ml nebuliser liquid unit dose vials,39712511000001104,VMP,0302000N0AAAWAW
38960511000001105,Fluticasone 2mg/2ml nebuliser liquid unit dose vials,38960511000001105,AMP,0302000N0AAAWAW
38897611000001100,Fluticasone propionate 100micrograms/dose / Salmeterol 50micrograms/dose dry powder inhaler,38897611000001100,VMP,0302000N0AAAXAX
38897511000001104,Fluticasone propionate 250micrograms/dose / Salmeterol 50micrograms/dose dry powder inhaler,38897511000001104,VMP,0302000N0AAAYAY
38897411000001103,Fluticasone propionate 500micrograms/dose / Salmeterol 50micrograms/dose dry powder inhaler,38897411000001103,VMP,0302000N0AAAZAZ
31064811000001101,Fluticasone propionate 500micrograms/dose / Salmeterol 50micrograms/dose dry powder inhaler,31064811000001101,AMP,0302000N0AAAZAZ
39111211000001103,Fluticasone 125micrograms/dose inhaler CFC free,39111211000001103,VMP,0302000N0AABABA
39111411000001104,Fluticasone 250micrograms/dose inhaler CFC free,39111411000001104,VMP,0302000N0AABCBC
39111011000001108,Fluticasone 50micrograms/dose / Salmeterol 25micrograms/dose inhaler CFC free,39111011000001108,VMP,0302000N0AABEBE
39111111000001109,Fluticasone 125micrograms/dose / Salmeterol 25micrograms/dose inhaler CFC free,39111111000001109,VMP,0302000N0AABFBF
39111311000001106,Fluticasone 250micrograms/dose / Salmeterol 25micrograms/dose inhaler CFC free,39111311000001106,VMP,0302000N0AABGBG
39110911000001100,Fluticasone 50micrograms/dose inhaler CFC free,39110911000001100,VMP,0302000N0AABHBH
21113711000001102,Fluticasone 125micrograms/dose / Formoterol 5micrograms/dose inhaler CFC free,21113711000001102,VMP,0302000N0AABJBJ
21113811000001105,Fluticasone 250micrograms/dose / Formoterol 10micrograms/dose inhaler CFC free,21113811000001105,VMP,0302000N0AABKBK
21113911000001100,Fluticasone 50micrograms/dose / Formoterol 5micrograms/dose inhaler CFC free,21113911000001100,VMP,0302000N0AABLBL
35647511000001107,Fluticasone 125micrograms/dose / Formoterol 5micrograms/dose breath actuated inhaler CFC free,35647511000001107,VMP,0302000N0AABPBP
35647611000001106,Fluticasone 50micrograms/dose / Formoterol 5micrograms/dose breath actuated inhaler CFC free,35647611000001106,VMP,0302000N0AABQBQ
40455711000001101,Fluticasone propionate 100micrograms/dose / Salmeterol 12.75micrograms/dose dry powder inhaler,40455711000001101,VMP,0302000N0AABRBR
40455811000001109,Fluticasone propionate 202micrograms/dose / Salmeterol 12.75micrograms/dose dry powder inhaler,40455811000001109,VMP,0302000N0AABSBS
3097711000001109,Flixotide 50microgram disks with Diskhaler,3097711000001109,AMP,0302000N0BBAAAA
3100811000001109,Flixotide 50microgram disks,3100811000001109,AMP,0302000N0BBABAB
3098611000001101,Flixotide 100microgram disks with Diskhaler,3098611000001101,AMP,0302000N0BBACAC
3099611000001105,Flixotide 100microgram disks,3099611000001105,AMP,0302000N0BBADAD
3106311000001102,Flixotide 250microgram disks with Diskhaler,3106311000001102,AMP,0302000N0BBAEAE
3103511000001100,Flixotide 250microgram disks,3103511000001100,AMP,0302000N0BBAFAF
4856011000001103,Flixotide 25micrograms/dose inhaler,4856011000001103,AMP,0302000N0BBAGAG
3108411000001105,Flixotide 500microgram disks with Diskhaler,3108411000001105,AMP,0302000N0BBAPAP
3110511000001108,Flixotide 500microgram disks,3110511000001108,AMP,0302000N0BBAQAQ
3183811000001101,Flixotide 50micrograms/dose Accuhaler,3183811000001101,AMP,0302000N0BBARAR
3184311000001107,Flixotide 100micrograms/dose Accuhaler,3184311000001107,AMP,0302000N0BBASAS
3184911000001108,Flixotide 250micrograms/dose Accuhaler,3184911000001108,AMP,0302000N0BBATAT
3185211000001103,Flixotide 500micrograms/dose Accuhaler,3185211000001103,AMP,0302000N0BBAUAU
3389111000001102,Flixotide 0.5mg/2ml Nebules,3389111000001102,AMP,0302000N0BBAVAV
3397211000001103,Flixotide 2mg/2ml Nebules,3397211000001103,AMP,0302000N0BBAWAW
398511000001105,Flixotide 125micrograms/dose Evohaler,398511000001105,AMP,0302000N0BBAYBA
2831211000001109,Flixotide 250micrograms/dose Evohaler,2831211000001109,AMP,0302000N0BBBABC
726611000001102,Flixotide 50micrograms/dose Evohaler,726611000001102,AMP,0302000N0BBBBBH
3186911000001100,Seretide 100 Accuhaler,3186911000001100,AMP,0302000N0BCAAAX
3187211000001106,Seretide 250 Accuhaler,3187211000001106,AMP,0302000N0BCABAY
3188311000001102,Seretide 500 Accuhaler,3188311000001102,AMP,0302000N0BCACAZ
453611000001102,Seretide 50 Evohaler,453611000001102,AMP,0302000N0BCADBE
810211000001105,Seretide 125 Evohaler,810211000001105,AMP,0302000N0BCAEBF
539811000001106,Seretide 250 Evohaler,539811000001106,AMP,0302000N0BCAFBG
21019411000001101,Flutiform 125micrograms/dose / 5micrograms/dose inhaler,21019411000001101,AMP,0302000N0BDAABJ
21019711000001107,Flutiform 250micrograms/dose / 10micrograms/dose inhaler,21019711000001107,AMP,0302000N0BDABBK
21020611000001104,Flutiform 50micrograms/dose / 5micrograms/dose inhaler,21020611000001104,AMP,0302000N0BDACBL
35647311000001101,Flutiform K-haler 125micrograms/dose / 5micrograms/dose breath actuated inhaler,35647311000001101,AMP,0302000N0BDADBP
35650811000001109,Flutiform K-haler 50micrograms/dose / 5micrograms/dose breath actuated inhaler,35650811000001109,AMP,0302000N0BDAEBQ
29782111000001107,Sirdupla 25micrograms/dose / 125micrograms/dose inhaler,29782111000001107,AMP,0302000N0BFAABF
29782511000001103,Sirdupla 25micrograms/dose / 250micrograms/dose inhaler,29782511000001103,AMP,0302000N0BFABBG
30950311000001106,AirFluSal Forspiro 50micrograms/dose / 500micrograms/dose dry powder inhaler,30950311000001106,AMP,0302000N0BGAAAZ
34215311000001107,AirFluSal 25micrograms/dose / 125micrograms/dose inhaler,34215311000001107,AMP,0302000N0BGABBF
34215511000001101,AirFluSal 25micrograms/dose / 250micrograms/dose inhaler,34215511000001101,AMP,0302000N0BGACBG
33679711000001103,Aerivio Spiromax 50micrograms/dose / 500micrograms/dose dry powder inhaler,33679711000001103,AMP,0302000N0BHAAAZ
34023611000001101,Sereflo 25micrograms/dose / 125micrograms/dose inhaler,34023611000001101,AMP,0302000N0BIAABF
34023811000001102,Sereflo 25micrograms/dose / 250micrograms/dose inhaler,34023811000001102,AMP,0302000N0BIABBG
40504911000001103,Sereflo Ciphaler 50micrograms/dose / 250micrograms/dose dry powder inhaler,40504911000001103,AMP,0302000N0BIACAY
41619211000001108,Sereflo Ciphaler 50micrograms/dose / 500micrograms/dose dry powder inhaler,41619211000001108,AMP,0302000N0BIADAZ
34677011000001107,Aloflute 25micrograms/dose / 125micrograms/dose inhaler,34677011000001107,AMP,0302000N0BJAABF
34675711000001103,Aloflute 25micrograms/dose / 250micrograms/dose inhaler,34675711000001103,AMP,0302000N0BJABBG
35515511000001100,Fusacomb Easyhaler 50micrograms/dose / 250micrograms/dose dry powder inhaler,35515511000001100,AMP,0302000N0BKAAAY
35515311000001106,Fusacomb Easyhaler 50micrograms/dose / 500micrograms/dose dry powder inhaler,35515311000001106,AMP,0302000N0BKABAZ
35594011000001105,Combisal 25micrograms/dose / 50micrograms/dose inhaler,35594011000001105,AMP,0302000N0BLAABE
35594211000001100,Combisal 25micrograms/dose / 125micrograms/dose inhaler,35594211000001100,AMP,0302000N0BLABBF
35594411000001101,Combisal 25micrograms/dose / 250micrograms/dose inhaler,35594411000001101,AMP,0302000N0BLACBG
36604711000001102,Stalpex 50micrograms/dose / 500micrograms/dose dry powder inhaler,36604711000001102,AMP,0302000N0BMAAAZ
39567411000001102,Fixkoh Airmaster 50micrograms/dose / 500micrograms/dose dry powder inhaler,39567411000001102,AMP,0302000N0BNAAAZ
39567611000001104,Fixkoh Airmaster 50micrograms/dose / 250micrograms/dose dry powder inhaler,39567611000001104,AMP,0302000N0BNABAY
39567811000001100,Fixkoh Airmaster 50micrograms/dose / 100micrograms/dose dry powder inhaler,39567811000001100,AMP,0302000N0BNACAX
40034211000001104,Avenor 25micrograms/dose / 50micrograms/dose inhaler,40034211000001104,AMP,0302000N0BPAABE
40040711000001101,Avenor 25micrograms/dose / 125micrograms/dose inhaler,40040711000001101,AMP,0302000N0BPABBF
40040911000001104,Avenor 25micrograms/dose / 250micrograms/dose inhaler,40040911000001104,AMP,0302000N0BPACBG
40445111000001100,Seffalair Spiromax 12.75micrograms/dose / 100micrograms/dose dry powder inhaler,40445111000001100,AMP,0302000N0BQAABR
40444911000001101,Seffalair Spiromax 12.75micrograms/dose / 202micrograms/dose dry powder inhaler,40444911000001101,AMP,0302000N0BQABBS
41158211000001107,Campona Airmaster 50micrograms/dose / 100micrograms/dose dry powder inhaler,41158211000001107,AMP,0302000N0BRAAAX
41158811000001108,Campona Airmaster 50micrograms/dose / 250micrograms/dose dry powder inhaler,41158811000001108,AMP,0302000N0BRABAY
41159011000001107,Campona Airmaster 50micrograms/dose / 500micrograms/dose dry powder inhaler,41159011000001107,AMP,0302000N0BRACAZ
38895411000001109,Mometasone 200micrograms/dose dry powder inhaler,38895411000001109,VMP,0302000R0AAAAAA
38895611000001107,Mometasone 400micrograms/dose dry powder inhaler,38895611000001107,VMP,0302000R0AAACAC
4045711000001107,Asmanex 200micrograms/dose Twisthaler,4045711000001107,AMP,0302000R0BBAAAA
4043811000001103,Asmanex 400micrograms/dose Twisthaler,4043811000001103,AMP,0302000R0BBACAC
9004511000001107,Ciclesonide 80micrograms/dose inhaler CFC free,9004511000001107,VMP,0302000U0AAAAAA
44221111000001101,Ciclesonide 80micrograms/dose inhaler CFC free,44221111000001101,AMP,0302000U0AAAAAA
43823711000001105,Ciclesonide 80micrograms/dose inhaler CFC free,43823711000001105,AMP,0302000U0AAAAAA
44138311000001106,Ciclesonide 80micrograms/dose inhaler CFC free,44138311000001106,AMP,0302000U0AAAAAA
9004411000001108,Ciclesonide 160micrograms/dose inhaler CFC free,9004411000001108,VMP,0302000U0AAABAB
44221911000001103,Ciclesonide 160micrograms/dose inhaler CFC free,44221911000001103,AMP,0302000U0AAABAB
43823911000001107,Ciclesonide 160micrograms/dose inhaler CFC free,43823911000001107,AMP,0302000U0AAABAB
44137711000001109,Ciclesonide 160micrograms/dose inhaler CFC free,44137711000001109,AMP,0302000U0AAABAB
9003911000001102,Alvesco 80 inhaler,9003911000001102,AMP,0302000U0BBAAAA
9004211000001109,Alvesco 160 inhaler,9004211000001109,AMP,0302000U0BBABAB
23661311000001105,Fluticasone furoate 184micrograms/dose / Vilanterol 22micrograms/dose dry powder inhaler,23661311000001105,VMP,0302000V0AAAAAA
23661411000001103,Fluticasone furoate 92micrograms/dose / Vilanterol 22micrograms/dose dry powder inhaler,23661411000001103,VMP,0302000V0AAABAB
23621711000001102,Relvar Ellipta 184micrograms/dose / 22micrograms/dose dry powder inhaler,23621711000001102,AMP,0302000V0BBAAAA
23622011000001107,Relvar Ellipta 92micrograms/dose / 22micrograms/dose dry powder inhaler,23622011000001107,AMP,0302000V0BBABAB
39134511000001107,Generic Enerzair Breezhaler 114micrograms/dose / 46micrograms/dose / 136micrograms/dose inhalation powder capsules with device,39134511000001107,VMP,0302000W0AAAAAA
39134711000001102,Enerzair Breezhaler 114micrograms/dose / 46micrograms/dose / 136micrograms/dose inhalation powder capsules with device,39134711000001102,AMP,0302000W0BBAAAA
39116511000001109,Indacaterol 125micrograms/dose / Mometasone 62.5micrograms/dose inhalation powder capsules with device,39116511000001109,VMP,0302000X0AAAAAA
39116311000001103,Indacaterol 125micrograms/dose / Mometasone 127.5micrograms/dose inhalation powder capsules with device,39116311000001103,VMP,0302000X0AAABAB
39116411000001105,Indacaterol 125micrograms/dose / Mometasone 260micrograms/dose inhalation powder capsules with device,39116411000001105,VMP,0302000X0AAACAC
39114511000001103,Atectura Breezhaler 125micrograms/62.5micrograms inhalation powder capsules with device,39114511000001103,AMP,0302000X0BBAAAA
39115411000001101,Atectura Breezhaler 125micrograms/127.5micrograms inhalation powder capsules with device,39115411000001101,AMP,0302000X0BBABAB
39115911000001109,Atectura Breezhaler 125micrograms/260micrograms inhalation powder capsules with device,39115911000001109,AMP,0302000X0BBACAC
39343511000001103,Generic Trixeo Aerosphere 5micrograms/dose / 7.2micrograms/dose / 160micrograms/dose inhaler CFC free,39343511000001103,VMP,0302000Y0AAAAAA
39327311000001104,Trixeo Aerosphere 5micrograms/dose / 7.2micrograms/dose / 160micrograms/dose pressurised inhaler,39327311000001104,AMP,0302000Y0BBAAAA
134498003,VMP previous to 38896811000001103,134498003,VMP,0302000K0AAAMAM
134499006,VMP previous to 35912011000001109,134499006,VMP,0302000K0AAALAL
320096005,VMP previous to 39025011000001108,320096005,VMP,0301011R0AABEBE
320099003,VMP previous to 39025211000001103,320099003,VMP,0301011R0AABMBM
320100006,VMP previous to 39025111000001109,320100006,VMP,0301011R0AABPBP
320104002,VMP previous to 39703611000001107,320104002,VMP,0301011R0AABABA
320106000,VMP previous to 42297511000001102,320106000,VMP,0301011R0AAAZAZ
320107009,VMP previous to 35937111000001101,320107009,VMP,0301011R0AABFBF
320108004,VMP previous to 39109411000001101,320108004,VMP,0301011R0AABGBG
320116008,VMP previous to 35937011000001102,320116008,VMP,0301011R0AABVBV
320118009,VMP previous to 38895911000001101,320118009,VMP,0301011R0AAAUAU
320119001,VMP previous to 39025311000001106,320119001,VMP,0301011R0AABCBC
320132006,VMP previous to 35936711000001103,320132006,VMP,0301011R0AAAIAI
320133001,VMP previous to 35936911000001101,320133001,VMP,0301011R0AAAJAJ
320134007,VMP previous to 35936611000001107,320134007,VMP,0301011R0AAAKAK
320135008,VMP previous to 35936811000001106,320135008,VMP,0301011R0AAALAL
320136009,VMP previous to 35936411000001109,320136009,VMP,0301011R0AAADAD
320139002,VMP previous to 39113611000001102,320139002,VMP,0301011R0AAAPAP
320141001,VMP previous to 39113311000001107,320141001,VMP,0301011R0AAAQAQ
320148007,VMP previous to 35937211000001107,320148007,VMP,0301011R0AAAFAF
320151000,VMP previous to 39112711000001103,320151000,VMP,0301011R0AABUBU
320171009,VMP previous to 39710011000001108,320171009,VMP,0301011R0AABDBD
320176004,VMP previous to 35936511000001108,320176004,VMP,0301011R0AAAAAA
320177008,VMP previous to 39709611000001109,320177008,VMP,0301011R0AAAXAX
320178003,VMP previous to 39709711000001100,320178003,VMP,0301011R0AAAVAV
320179006,VMP previous to 39709811000001108,320179006,VMP,0301011R0AAAWAW
320180009,VMP previous to 39709511000001105,320180009,VMP,0301011R0AABBBB
320244004,VMP previous to 39110811000001105,320244004,VMP,0301011U0AAACAC
320248001,VMP previous to 35937811000001108,320248001,VMP,0301011U0AAAAAA
320249009,VMP previous to 35938011000001101,320249009,VMP,0301011U0AAABAB
320250009,VMP previous to 39113211000001104,320250009,VMP,0301011U0AAAEAE
320261001,VMP previous to 12626211000001108,320261001,VMP,0301011E0AAAAAA
320263003,VMP previous to 39112911000001101,320263003,VMP,0301011E0AAABAB
320264009,VMP previous to 39113011000001109,320264009,VMP,0301011E0AAACAC
320274007,VMP previous to 39111011000001108,320274007,VMP,0302000N0AABEBE
320275008,VMP previous to 39111111000001109,320275008,VMP,0302000N0AABFBF
320276009,VMP previous to 39111311000001106,320276009,VMP,0302000N0AABGBG
320277000,VMP previous to 38897611000001100,320277000,VMP,0302000N0AAAXAX
320279002,VMP previous to 38897511000001104,320279002,VMP,0302000N0AAAYAY
320280004,VMP previous to 38897411000001103,320280004,VMP,0302000N0AAAZAZ
320339009,VMP previous to 39717411000001100,320339009,VMP,0301020I0AAAIAI
320340006,VMP previous to 39717311000001107,320340006,VMP,0301020I0AAAHAH
320345001,VMP previous to 36049211000001106,320345001,VMP,0301020I0AAAGAG
320346000,VMP previous to 39717211000001104,320346000,VMP,0301020I0AAAFAF
320347009,VMP previous to 39717511000001101,320347009,VMP,0301020I0AAACAC
320348004,VMP previous to 36049311000001103,320348004,VMP,0301020I0AAAAAA
320350007,VMP previous to 36049411000001105,320350007,VMP,0301020I0AAADAD
320357005,VMP previous to 42290811000001103,320357005,VMP,0301030B0AAANAN
320358000,VMP previous to 35900511000001104,320358000,VMP,0301030B0AAABAB
320372009,VMP previous to 35900411000001103,320372009,VMP,0301030B0AAARAR
320379000,VMP previous to 35900711000001109,320379000,VMP,0301030B0AAA9A9
320414004,VMP previous to 42298611000001104,320414004,VMP,0301030S0AAAJAJ
320415003,VMP previous to 42298711000001108,320415003,VMP,0301030S0AAAGAG
320416002,VMP previous to 35917611000001104,320416002,VMP,0301030S0AAALAL
320417006,VMP previous to 35917811000001100,320417006,VMP,0301030S0AAANAN
320419009,VMP previous to 35918211000001102,320419009,VMP,0301030S0AAABAB
320420003,VMP previous to 35957711000001104,320420003,VMP,0301030S0AAACAC
320421004,VMP previous to 35917911000001105,320421004,VMP,0301030S0AAADAD
320422006,VMP previous to 35917711000001108,320422006,VMP,0301030S0AAAMAM
320423001,VMP previous to 35918011000001107,320423001,VMP,0301030S0AAAPAP
320425008,VMP previous to 35918111000001108,320425008,VMP,0301030S0AAARAR
320440005,VMP previous to 36066611000001106,320440005,VMP,0301040M0AAAAAA
320441009,VMP previous to 36066711000001102,320441009,VMP,0301040M0AAACAC
320442002,VMP previous to 35936311000001102,320442002,VMP,0301040R0AAAAAA
320445000,VMP previous to 39710511000001100,320445000,VMP,0301040R0AAABAB
320487003,VMP previous to 35909011000001104,320487003,VMP,0302000C0AAAJAJ
320488008,VMP previous to 35908911000001108,320488008,VMP,0302000C0AAAQAQ
320490009,VMP previous to 35909211000001109,320490009,VMP,0302000C0AAASAS
320491008,VMP previous to 35908611000001102,320491008,VMP,0302000C0AAAUAU
320492001,VMP previous to 35907811000001102,320492001,VMP,0302000C0AAATAT
320520000,VMP previous to 39695711000001109,320520000,VMP,0302000C0AAAIAI
320527002,VMP previous to 35907711000001105,320527002,VMP,0302000C0AAAGAG
320528007,VMP previous to 35908311000001107,320528007,VMP,0302000C0AAAHAH
320529004,VMP previous to 35907611000001101,320529004,VMP,0302000C0AAALAL
320530009,VMP previous to 35908211000001104,320530009,VMP,0302000C0AAAKAK
320531008,VMP previous to 35908811000001103,320531008,VMP,0302000C0AAACAC
320532001,VMP previous to 35908511000001101,320532001,VMP,0302000C0AAARAR
320533006,VMP previous to 35909511000001107,320533006,VMP,0302000C0AAAAAA
320534000,VMP previous to 39695511000001104,320534000,VMP,0302000C0AAAEAE
320535004,VMP previous to 39695611000001100,320535004,VMP,0302000C0AAAFAF
320537007,VMP previous to 42292311000001106,320537007,VMP,0302000C0AAABAB
320543009,VMP previous to 39696311000001100,320543009,VMP,0302000C0AAAPAP
320544003,VMP previous to 35369511000001103,320544003,VMP,0302000C0AABLBL
320545002,VMP previous to 35936211000001105,320545002,VMP,0302000C0AAANAN
320565009,VMP previous to 35912111000001105,320565009,VMP,0302000K0AAAKAK
320567001,VMP previous to 35912411000001100,320567001,VMP,0302000K0AAAGAG
320568006,VMP previous to 35912711000001106,320568006,VMP,0302000K0AAAHAH
320571003,VMP previous to 35912511000001101,320571003,VMP,0302000K0AAADAD
320574006,VMP previous to 35912811000001103,320574006,VMP,0302000K0AAAAAA
320580003,VMP previous to 36059911000001104,320580003,VMP,0302000N0AAAAAA
320581004,VMP previous to 36059311000001100,320581004,VMP,0302000N0AAACAC
320582006,VMP previous to 36059411000001107,320582006,VMP,0302000N0AAAEAE
320586009,VMP previous to 36059811000001109,320586009,VMP,0302000N0AAABAB
320587000,VMP previous to 36059211000001108,320587000,VMP,0302000N0AAADAD
320588005,VMP previous to 36059511000001106,320588005,VMP,0302000N0AAAFAF
320592003,VMP previous to 36059111000001102,320592003,VMP,0302000N0AAAGAG
320599007,VMP previous to 36059711000001101,320599007,VMP,0302000N0AAAPAP
320600005,VMP previous to 36059611000001105,320600005,VMP,0302000N0AAAQAQ
320602002,VMP previous to 38897911000001106,320602002,VMP,0302000N0AAARAR
320603007,VMP previous to 38897811000001101,320603007,VMP,0302000N0AAASAS
320604001,VMP previous to 36565411000001101,320604001,VMP,0302000N0AAATAT
320605000,VMP previous to 38897711000001109,320605000,VMP,0302000N0AAAUAU
320610001,VMP previous to 39712311000001105,320610001,VMP,0302000N0AAAVAV
320611002,VMP previous to 39712511000001104,320611002,VMP,0302000N0AAAWAW
320614005,VMP previous to 39111211000001103,320614005,VMP,0302000N0AABABA
320615006,VMP previous to 39111411000001104,320615006,VMP,0302000N0AABCBC
320618008,VMP previous to 39110911000001100,320618008,VMP,0302000N0AABHBH
320630002,VMP previous to 35909411000001108,320630002,VMP,0302000C0AABIBI
320631003,VMP previous to 35908011000001109,320631003,VMP,0302000C0AABJBJ
320632005,VMP previous to 35908711000001106,320632005,VMP,0302000C0AABKBK
349394001,VMP previous to 39711511000001107,349394001,VMP,0301040M0AAABAB
3497211000001109,VMP previous to 9478911000001107,3497211000001109,VMP,0301020Q0AAABAB
3497311000001101,VMP previous to 9479011000001103,3497311000001101,VMP,0301020Q0AAAAAA
35894111000001105,VMP previous to 38893611000001108,35894111000001105,VMP,0301020R0AAAAAA
35912311000001107,VMP previous to 38896811000001103,35912311000001107,VMP,0302000K0AAAMAM
35917511000001103,VMP previous to 42298611000001104,35917511000001103,VMP,0301030S0AAAJAJ
400332006,VMP previous to 14608611000001106,400332006,VMP,0301030C0AAACAC
400683001,VMP previous to 13663211000001104,400683001,VMP,0301030C0AAAEAE
400812004,VMP previous to 14608511000001107,400812004,VMP,0301030C0AAADAD
4053811000001101,VMP previous to 38895411000001109,4053811000001101,VMP,0302000R0AAAAAA
4053911000001106,VMP previous to 38895611000001107,4053911000001106,VMP,0302000R0AAACAC
407769008,VMP previous to 35909111000001103,407769008,VMP,0302000C0AABSBS
407770009,VMP previous to 35908411000001100,407770009,VMP,0302000C0AABUBU
408013007,VMP previous to 38895611000001107,408013007,VMP,0302000R0AAACAC
408026006,VMP previous to 38895411000001109,408026006,VMP,0302000R0AAAAAA
408061000,VMP previous to 35909611000001106,408061000,VMP,0302000C0AABEBE
408062007,VMP previous to 35909311000001101,408062007,VMP,0302000C0AABGBG
408063002,VMP previous to 35908111000001105,408063002,VMP,0302000C0AABFBF
408064008,VMP previous to 35907911000001107,408064008,VMP,0302000C0AABHBH
414538008,VMP previous to 38894511000001107,414538008,VMP,0301020I0AAANAN
703924000,VMP previous to 38893611000001108,703924000,VMP,0301020R0AAAAAA
7393811000001101,VMP previous to 38894511000001107,7393811000001101,VMP,0301020I0AAANAN
